id,info_size,info_start_date,info_live_date,GainTotalPct_BeforeLive_13mo+,GainTotalPct_BeforeLive_01mo,GainTotalPct_BeforeLive_03mo,GainTotalPct_BeforeLive_06mo,GainTotalPct_BeforeLive_12mo,GainAnnualizedPct_BeforeLive_13mo+,GainAnnualizedPct_BeforeLive_01mo,GainAnnualizedPct_BeforeLive_03mo,GainAnnualizedPct_BeforeLive_06mo,GainAnnualizedPct_BeforeLive_12mo,DrawdownMaxPct_BeforeLive_13mo+,DrawdownMaxPct_BeforeLive_01mo,DrawdownMaxPct_BeforeLive_03mo,DrawdownMaxPct_BeforeLive_06mo,DrawdownMaxPct_BeforeLive_12mo,Calmar_BeforeLive_13mo+,Calmar_BeforeLive_01mo,Calmar_BeforeLive_03mo,Calmar_BeforeLive_06mo,Calmar_BeforeLive_12mo,Sharpe_BeforeLive_13mo+,Sharpe_BeforeLive_01mo,Sharpe_BeforeLive_03mo,Sharpe_BeforeLive_06mo,Sharpe_BeforeLive_12mo,DayBestPct_BeforeLive_13mo+,DayBestPct_BeforeLive_01mo,DayBestPct_BeforeLive_03mo,DayBestPct_BeforeLive_06mo,DayBestPct_BeforeLive_12mo,DayWorstPct_BeforeLive_13mo+,DayWorstPct_BeforeLive_01mo,DayWorstPct_BeforeLive_03mo,DayWorstPct_BeforeLive_06mo,DayWorstPct_BeforeLive_12mo,DayAvgPct_BeforeLive_13mo+,DayAvgPct_BeforeLive_01mo,DayAvgPct_BeforeLive_03mo,DayAvgPct_BeforeLive_06mo,DayAvgPct_BeforeLive_12mo,DayStdDevPct_BeforeLive_13mo+,DayStdDevPct_BeforeLive_01mo,DayStdDevPct_BeforeLive_03mo,DayStdDevPct_BeforeLive_06mo,DayStdDevPct_BeforeLive_12mo
02nYbTdnTDhm9kqXm9RF,48749,2011-10-19,2022-09-21,103989.5874,-0.28920000000000073,37.921800000000005,38.3399,79.79459999999999,89.07091491671572,-2.707261926032878,262.5771842502379,93.59004313178596,79.46756261357532,25.70024931929983,1.4792781282440215,7.531162481813681,7.531146738358685,7.531074480215095,3.4657607329056974,-1.8301236760977029,34.865425475059354,12.42706408243251,10.551955477580892,1.701518232583394,-0.5513833834320903,3.5808115709014614,2.496467500938129,2.7403243826834087,57.3190672014128,0.7628650742401488,12.477202239992135,12.477188685022501,12.477119819292781,-12.531311362550602,-0.7497415724461831,-6.050253647571036,-6.050209819796626,-6.050177619893427,0.28305780690979154,-0.01093703953020531,0.5485934306202722,0.27963451054280697,0.24277593145832344,2.640820002034065,0.3148809435941564,2.4320326711962754,1.7781366012804425,1.4063840244820955
07v639EqQbevnj45GL1x,415608,2022-11-22,2023-10-22,,21.639899999999997,37.6607,181.9965,,,955.6351864103701,252.7100148742912,709.3366622805105,,,3.965122152393641,5.514051511704354,5.856468075075016,,,241.01027652665837,45.83018753776211,121.12021327315516,,,8.643779456138125,4.6851868459546475,6.951599403626376,,,4.146573518325414,5.713394482218459,5.873136568284143,,,-3.965122152393641,-4.1607637170158585,-4.1591022346423205,,,1.0029697521900094,0.5248720748505982,0.8587936824210468,,,1.841977956712295,1.778389241457287,1.9611209270898187,
09YXPkvrKkPS64r4nhXw,19349,2010-02-26,2023-12-28,6944.2171,7.631800000000003,5.794599999999991,44.7876,99.92470000000002,36.04126483830965,133.5355700399456,25.52285529541487,111.09226450294597,100.02471235617811,54.4209362029791,1.3827712911821055,12.033216608304143,13.995946775729106,13.99598235265811,0.6622683723022149,96.57097373332688,2.12103347975981,7.937459771967353,7.146673226347808,1.131371246445084,5.456385933908204,0.885610307111039,2.206760726828094,2.194323000355002,12.341154512515695,2.7133225793109172,6.60374783332649,7.676043436261293,7.675957042731429,-11.558252910191413,-0.8572941853770888,-6.521686712884966,-7.001523511133689,-7.16353593733563,0.14207470537379166,0.3583579717986824,0.11126845304069594,0.3263930431202839,0.2999006734229174,1.993480066916669,1.042586890151703,1.9944798732495213,2.3479341768033564,2.1695874302082236
0Aj9HRgodIFOZpIPEql0,285423,2023-12-21,2023-12-22,,,,,,,,,,,,,,,,,,,,,,,,,,,,,,,,,,,,,,,,,,,,,
0BfsbDtcVcDNFVEsQgra,1772,2010-02-27,2023-07-23,2475.2383999999997,-0.10579999999999927,-1.1029000000000087,5.45,4.921900000000005,27.48262204900682,-0.7011584775854063,-4.213058120674096,11.500808357655412,5.0151639745357635,26.803747411969102,0.7831915957979052,2.1419109445877993,2.1419243385536024,19.535367620949728,1.0253276016447823,-0.895257918174001,-1.9669623199413078,5.369381238471604,0.2567222727437953,1.035851021344861,-0.19865429534351584,-1.2969623899550489,1.4013683061314586,0.34396757189364235,28.884823617178302,0.41001730917384904,0.41000753920690247,4.92271495309371,8.962368141907518,-20.314939437837843,-0.3424780383591397,-0.354648449443995,-0.5732068822456471,-5.706852722358269,0.11010533256127832,-0.0027160371944092267,-0.017142909703830717,0.04480644427267462,0.02710916558868471,1.6873738905097957,0.2170391218246447,0.20982509366032046,0.5075612520700912,1.2511198658047995
0ECQqFHg7qnZ9q7LIvv0,3111,2023-10-03,2024-01-10,,11.886599999999998,25.435000000000002,,,,287.2024756409497,151.71296505481112,,,,4.245964684711012,6.719587041010778,,,,67.64127753467105,22.5777215368863,,,,7.129353650668041,4.1150184284189155,,,,3.5429850088475323,3.557597454858308,,,,-1.5826742680544403,-3.1023519880054917,,,,0.5733551782091011,0.38378205495167256,,,,1.2766558839259599,1.4805161523054233,,
0EYsfDYns3Vz5xEHfbr7,1653,2023-08-26,2023-11-05,,9.730200000000004,,,,,206.5635155670244,,,,,3.647605118760666,,,,,56.62990067225472,,,,,5.563706663633266,,,,,3.3640153426375274,,,,,-3.647605118760666,,,,,0.47668611361778074,,,,,1.3600928154399792,,,
0Hef6wYatti9FKOf5CKn,34625,2012-11-03,2023-01-29,73398352.9657,26.143500000000003,67.6523,246.42430000000002,1958.5942000000002,275.0259287124478,2091.127078013693,747.1613058977237,1150.4456689637782,2010.0767390081987,43.77882123729708,7.892222885763999,11.833970692124174,12.444783822355877,13.431921117410628,6.282168430751198,264.96046909492003,63.13699140686394,92.44400588920729,149.64923642997812,2.5974206835113587,4.556246854561123,3.8387985379313214,4.527808083309227,5.040910731331416,50.01392709424361,11.000154822727982,11.000231741668776,12.225106505714201,15.482826687214768,-21.14220302841565,-7.892222885763999,-9.7039381616716,-9.703826163113883,-9.703749228167968,0.587038303089407,1.413516852196205,0.9389965143648717,1.0862956824348755,1.3040775484806453,3.5877685195243827,4.924861427777347,3.883013762381055,3.8085557158667878,4.106716108473433
0K6liVmTr0q82Y5HdspZ,2730,2010-02-12,2023-07-21,1706.24,4.650400000000008,19.758899999999993,29.28209999999999,14.591100000000006,24.068402839065996,69.28010515534653,108.52799252705792,67.99579552166874,14.64842421210606,54.449726563037515,3.2036554007806473,4.432612641450984,13.257552362440727,34.38600801724162,0.44202982013512104,21.62532997102771,24.483978480811277,5.12883477000657,0.4259995578655463,0.9478102518451428,2.5476410670970253,3.339955344212503,2.1689536001419167,0.5606626271684304,11.268542158603644,2.4498021706196083,3.42311813606595,3.844093323674991,11.253882821680673,-12.005573323838215,-2.9935068538764598,-2.9936301099151685,-4.244165275990164,-8.147293737828731,0.09963306186328766,0.22874553426775282,0.30729848410202454,0.2206501568771108,0.07972220929568737,1.6687156751280259,1.4253274647013527,1.4605621035201977,1.6149320348928364,2.25724130210304
0LIuSt7cqIfGVMCAQC0l,18765,2014-11-08,2022-11-11,602.4628,-3.8779000000000083,9.251399999999995,25.907700000000006,45.98790000000001,27.585871664091034,-34.80979561958512,41.958560441368206,58.6861356570231,45.842085201024304,13.558475246707724,5.696390881295965,5.696388482270787,5.696236700233193,9.875549004808082,2.034585096195787,-6.110850948428185,7.3658179339345216,10.302615348589816,4.641978403297406,1.7055798818074168,-2.334302224780476,1.9274567061923062,2.358088689010879,2.2405961030652857,7.206559251463407,1.3528028103259038,2.765206350194016,3.416979994411573,3.4198268776067353,-6.320273387699493,-3.612188866190502,-3.612113568235098,-3.612035878948394,-3.6121205551597035,0.1012050974678473,-0.17083145351652995,0.14876195264518877,0.19327739296439067,0.15658872299914386,0.9419559488291733,1.1617455631434335,1.2252014688051824,1.3011315093051328,1.1094230288255802
0LZXSBMXA1qgmje9Hzhe,1177,2008-11-06,2023-10-24,5321.791700000001,2.3460000000000036,6.201299999999992,7.3756999999999975,37.155,30.633279864443928,31.173234052713596,26.981791009368216,15.543199825472232,37.22361180590295,76.42070726053028,0.13926963481740717,0.13893897291220592,4.373638115361755,21.087725664519642,0.4008505150313544,223.833674106951,194.19886619154533,3.553837655401586,1.7651790618905923,0.8111814342595075,3.6535397371838676,3.9050285811321954,1.5298281849322584,1.2615657465035583,27.80627078979787,2.2696046053598096,2.2695472557525687,5.268262367940335,9.218336114311377,-33.871910574396125,-0.09004502251125368,-0.0898613499021983,-2.189704980827567,-7.42152050160878,0.149945520046632,0.11402108069711314,0.09709888715830226,0.05967527364070958,0.1419059700418975,2.9343760063772986,0.49541777910303714,0.3947210669492819,0.6192300613681124,1.7856282512114763
0MEtMOUZJHlt2wk9qTQ0,3353,2023-12-06,2024-01-10,,23.023400000000002,,,,,1109.0913774796031,,,,,11.117643902038665,,,,,99.75957021579245,,,,,5.717538444845087,,,,,8.674512932314116,,,,,-5.06899539495852,,,,,1.0863615872320107,,,,,3.016237796844934,,,
0NBc3VHJF051reKx5Gdq,21257,2011-10-19,2022-11-16,2715921.5601999997,-1.1846999999999934,7.928199999999998,97.00740000000002,163.5262,151.56343121262793,-11.758895214297183,35.30817423022044,292.7486291543519,162.6496385569876,42.82684007732384,7.164948356754575,13.606703351675831,16.520433920912502,39.441981451746955,3.5389823516976797,-1.6411695700795639,2.594910267215593,17.720395877966258,4.123769460111228,2.0062938060397366,-0.2197456285253092,0.9245433967529528,3.4948641405412366,1.987753325882998,50.01392846404036,4.345227838859955,6.096462374901335,8.530550821179371,11.7884804639667,-15.025412161363704,-5.678911237362161,-5.995036044276969,-5.994927647424941,-9.50982055168823,0.420258630864288,-0.029708334005409162,0.15829832960836146,0.5832128353189315,0.4495428742923171,3.325235277848554,2.1461413591297793,2.7179990549166275,2.6490920304028602,3.59011945864146
0NKvTLaGhMufWWlMPyqS,50105,2013-12-19,2023-04-06,1623.8255,10.365799999999998,16.315699999999996,12.524300000000002,60.4303,35.888970350773654,196.27641134718954,83.4096410113504,27.229305504068478,60.510394686948786,13.83090520513356,1.1833327400901816,5.8960287053336335,8.330583773586376,8.331041674608052,2.594838864013969,165.86747302557634,14.146749478322048,3.2685951241981295,7.263244747817876,2.5069612059347013,10.621902797037798,4.271508118499624,1.7821627346730342,3.4029772113071197,6.694478035796103,1.6650157117195752,2.48619120787954,2.485822882578903,2.6772599357397064,-3.3727532490215983,-1.0963133372924538,-2.2861619222128815,-2.6248393725905816,-2.6250093817974163,0.12494019066361133,0.45379604413677277,0.24908864681461362,0.10035100272886824,0.19271462833895617,0.7911426929233111,0.6782013552594074,0.9257057633020035,0.8938705490952579,0.8989921746668443
0NukZC005nYIg0PZ7wET,2552,2012-09-18,2023-04-17,738.9168,4.657600000000002,3.0020000000000073,6.4421999999999935,-0.22969999999999346,22.320118694298728,78.58643095223405,12.785023997463774,13.761499817338363,-0.18050554248554285,27.54164375997501,1.50142908181492,7.243959233458286,11.186323670957709,16.263458295498758,0.8104134556680136,52.341087503939356,1.7649221351788542,1.2302075482641726,-0.011098841292291531,0.9377224573456889,5.585992519223478,0.9008424952987522,0.9396069909071155,0.08917437830684528,35.377275957353646,1.7709985827684127,1.7377701280551383,2.8157168317813674,8.874923592792538,-16.2426504207152,-1.50142908181492,-2.685842921460735,-2.747682087215464,-5.27262907846604,0.09134282027836976,0.24481666908246227,0.05279781146172753,0.05604155818179463,0.007035212362328027,1.5463235498821508,0.6957302799454127,0.9303949111540081,0.9468130450398654,1.25238365669559
0UmsSuFd2eIGtFHJiHyO,1343,1998-12-23,2022-09-19,576.5057,-5.747299999999996,1.6612000000000082,-5.972199999999994,-6.098500000000004,8.402224826914416,-52.264813924562304,7.026108161712519,-11.673451795323054,-6.0515257628814485,37.978644925785076,6.802446877397705,8.230390451224112,13.737992736718063,18.883720508906787,0.22123550862157915,-7.683237350698187,0.853678595608732,-0.8497203353531385,-0.3204625783371003,0.5565258068493151,-4.05026392125868,0.5325374287900032,-0.5368867780850162,-0.24853131736444514,14.404303632908366,1.6940589276409623,1.9594035163190249,2.422709903444775,3.2228083421453,-9.486934314570972,-3.3391048536160595,-3.339128053164331,-6.43483307370415,-6.4348006940890485,0.03784791441387058,-0.30172667992785834,0.031829969307426036,-0.041940558405005796,-0.018139859332541114,1.0795851831036944,1.1825803570166553,0.9488255112991455,1.2400859017159873,1.1586521277208752
0Zsg9LOwOI8L2JCUzWVe,4441,2015-03-31,2024-01-03,1624.9587,4.7345999999999915,2.596800000000003,10.313099999999995,50.313700000000004,38.45443623488214,75.26232123889346,11.208092386760837,22.004005786774815,50.388894447223606,15.425006887794835,3.7027706418981787,7.407043141149295,7.407117959192733,9.110469637093754,2.492993132165765,20.325947383095592,1.5131668836239238,2.9706568611434574,5.530877820179827,1.6859497239498904,3.4229869781112514,0.7923966401108382,1.3794888093001247,2.392527692257998,13.293536277309869,1.7267005560321236,2.0407841016414796,3.5156328233951095,6.715140975043021,-7.921695120006344,-1.662100592458593,-1.9981622318351433,-2.112732984400334,-2.7435557849607717,0.1376088207322506,0.23995169637103472,0.047263280156104474,0.08423941241942431,0.16891030484548444,1.2956924374236825,1.1128044354106252,0.9468506990696088,0.9693875050646201,1.120725988526785
0bBsknsEveFj5INdknFS,9984,2012-12-07,2022-11-14,1050.6923000000002,11.174699999999993,15.778099999999995,18.267700000000005,26.694300000000005,27.903101906139895,258.65592759936663,78.39564690419046,40.38995625629265,26.757678839419707,13.58015757561234,3.6421154874015427,7.319442923945507,10.080505428603349,13.584387576729018,2.054696475411238,71.0180466528545,10.710602940521557,4.006739199969725,1.9697375894410902,1.4484482290107,4.604270758419112,2.247029486257164,1.3433806547610654,1.0095137017342972,6.8721955354488,4.3474779128632735,4.345655409792637,4.341708633827257,6.864953419980546,-5.653740990411116,-2.2202043612194133,-4.269658747908222,-4.269721401802706,-5.575437105026904,0.10427119803965419,0.5505497493399149,0.2488052585221204,0.15167382782100097,0.1091467336053489,1.1427774361315546,1.8981738445231968,1.7577255028312304,1.7923046340858806,1.7163221046252257
0f0ZKqCSyTq6DHPdM3l5,878862,2023-01-12,2024-01-04,,51.999300000000005,136.54549999999998,279.7244,,,15200.494720046763,3216.3862792851733,1374.4995065419914,,,8.078885101066003,8.079013130130065,8.078232087936755,,,1881.508961928555,398.1162336882342,170.1485537404323,,,10.886611660478785,8.021722619560864,7.188952984667151,,,7.167364641223517,10.295061273016227,10.295609033408404,,,-4.7739400265905285,-5.088433243144386,-5.0879428214421925,,,2.1648829858296947,1.4627491423635017,1.1115713426141836,,,3.1567629176230323,2.8946928070509785,2.454550483222663,
0hPlK4bny1yeovcKhqJ2,768123,2023-03-23,2024-01-27,,7.7858,40.9894,88.66139999999999,,,158.82859966232678,314.1951303322781,259.9266771052599,,,4.161780890445222,6.746900615783535,6.742320535291646,,,38.16361404969004,46.568809624564146,38.551515868270194,,,4.412791815677883,6.555389874776156,6.324088978582718,,,3.220616413692823,3.7841938592340307,3.782473105973927,,,-1.8749374687343612,-2.388877891768615,-2.7046496201604597,,,0.40816944257919013,0.5847918458903062,0.5221155702459368,,,1.4683423324032308,1.4161297703291704,1.3105963175252477,
0oTU5po3Fce5HthZX7S4,679344,2018-11-06,2024-01-31,1669527.1129,-2.868600000000006,40.634899999999995,58.1593,70.8161,543.6181791675841,-29.054933491511715,309.9130771595466,154.12845064541014,70.90155077538769,53.87251842116647,9.607203601800895,15.672949358128873,16.592278591307984,29.034488644408707,10.090825435664003,-3.0242862226907827,19.773756047952027,9.289167235062683,2.4419769069720294,2.8829178610602173,-0.6232703458918213,3.6303592054984133,2.260707262719841,1.3546668112795377,64.4646207412048,5.779626613100608,8.674610607310518,9.889084837424278,10.332112797224791,-14.672516743432984,-5.977182395635516,-5.977315803724537,-5.97727060605574,-6.63345743867848,0.8403698931671801,-0.10729043003178068,0.6048012837707708,0.4154351686153679,0.2593704219704422,4.627415390479267,2.732654917330551,2.64462059905233,2.917152946297204,3.039402581944853
0psDFRQHC0G5JDhxiGE5,11879,2018-01-19,2023-03-10,5206.9357,0.8695999999999913,6.7845000000000075,47.9792,175.1802,116.74394298560115,11.06071281640062,31.42226516988962,120.5781243080038,175.31785892946473,23.541294403250046,3.2988494247123468,16.931547786759637,16.931323814814547,17.67964218476238,4.959113164545609,3.3529001759045407,1.855841271313756,7.121600509612869,9.916369183114274,2.007356487521488,0.6274501584614068,0.963971959918881,2.251990650451278,2.1935919099285734,33.53093050774869,4.131734857893221,4.86934664449532,9.182841242718753,12.98867298242179,-14.593447106366087,-2.444404842092318,-6.753565019196051,-6.753567063743315,-14.59346064693704,0.3424285673979904,0.0516775834684219,0.13464256452761023,0.3459726190118011,0.4585420894655413,2.7079818759780743,1.3074444148631417,2.2172682802142885,2.4387956765970342,3.318361074064825
0rg1eJTGB3u31tRTtNGh,3975,2002-12-18,2023-01-01,1420.3654000000001,-3.255799999999999,5.910699999999998,2.7610000000000037,-16.557199999999995,14.567486405453911,-33.68512515600969,26.07476286776247,5.703908692715531,-16.57547473376685,25.57232404775811,6.718508589334194,6.7185585458520265,7.340960780970485,21.854727363681846,0.5696582906679936,-5.013780172802889,3.8810055296549844,0.7769975706043027,-0.7584388703613821,0.8744762081962061,-2.2352290918936744,1.476943841274837,0.4453973564356373,-1.168691214721428,12.164669758769197,2.3562461661857936,3.194812972089389,3.1948177980493764,3.194798831171153,-11.978788220020665,-2.6014455378285173,-2.601429681402223,-2.601450179792042,-4.15092997770553,0.05990429089704593,-0.16491262562845904,0.09903069026601598,0.026663737121919266,-0.0679205568931452,1.0874522693270978,1.1712028902539522,1.0644030109396125,0.9503282823151672,0.9225751003413304
0sRUoMwYmwuKWhZrO3Qq,17474,2010-02-27,2024-01-04,10542.5918,6.321700000000001,36.892399999999995,41.61120000000001,74.64689999999999,40.12228839564542,109.92751396698588,259.0863004380719,101.86017522465454,74.73426713356676,21.401698714065652,8.152461711367332,8.15222751600716,9.720662931396461,10.720912756076029,1.874724475458399,13.483965685322897,31.781043883938175,10.47872721680942,6.970886605826679,1.5606215564262258,2.624043317775244,4.671494227411671,2.518401449259117,2.188406990039953,17.125960082293545,5.723276625036888,5.723232811843637,5.723246949343697,5.9033921951916035,-11.149141182588673,-2.8273925127473065,-2.8273211646604124,-5.586357627210514,-5.586481068557559,0.14478931441588047,0.32796997640232395,0.5329500701705462,0.29894737043718245,0.23730161680005452,1.4727844179771201,1.9840990943517458,1.811052239274991,1.8843867744108147,1.7213646272123095
0w03zgc1JeahzsOYOezH,9491,2021-07-31,2023-02-14,0.3554999999999927,7.218299999999999,15.930900000000001,23.91549999999999,-6.887399999999998,0.2633107159726755,132.1846060313686,84.54984699317384,54.773544829490596,-6.840820410205096,41.88766241630477,6.370174545573959,10.451725862931461,17.01960980490246,40.781112225972215,0.006286116263918844,20.750546956866568,8.089558423364506,3.2182609035909393,-0.16774482197296203,0.17723544980945785,3.047001287469133,2.3608772590240497,1.512154564327889,-0.01150706405038888,6.922124938259722,3.8902122956130603,5.262923147549814,6.064923551044377,6.064360426991167,-8.027856076935825,-3.510571291587139,-3.5108692533544983,-4.247812956995023,-8.027221582826382,0.023869762835643096,0.3691089281935273,0.2627700151947434,0.1957733830860751,-0.001669775664139111,2.1379511734847063,1.9230128350319458,1.7668621514801175,2.0552172265607815,2.303529970755913
0xfD9vpl6QdaoJKylVOO,20556,2022-05-05,2023-07-14,395.92730000000006,19.943899999999996,43.86110000000001,100.32020000000001,353.1307,285.73395998071913,791.9580089193279,339.38421954818455,310.7938717589985,353.35737868934467,27.289128485440738,3.6490483105975025,9.059423174770364,11.326014757129066,27.289545025200223,10.470615070509254,217.03138503793912,37.46201198475168,27.440708706773655,12.94845254338395,2.9526402423110736,6.723689290506709,4.059512418592106,3.7021533903230885,3.4629327429007573,15.741170240021019,7.336520598688856,10.030981609203549,10.031148610573748,15.741232463245925,-10.224578882759527,-1.980796467886481,-4.801546595123485,-7.342417925119915,-7.342329313417073,0.5879315605267162,0.9386727892278846,0.6277070742274324,0.5992118875974195,0.6468484640992198,3.160941874575841,2.2161893467624796,2.4546152000851107,2.5693678301287237,2.9652325915814095
0xk0F5WNoFbt2DoyEEAx,51755,2011-11-02,2023-05-17,26156.5028,8.025599999999995,9.389300000000004,12.14620000000001,28.060000000000002,62.19032706450933,134.26944583596998,43.47233916075399,26.602603950096704,28.12406203101552,26.189397034308502,4.999891828132763,9.304833983497229,20.490631831108086,23.620209770232215,2.3746376055561367,26.854470146829883,4.67201663542361,1.2982812911464086,1.1906779111868584,1.8195338919996167,3.2914886627177693,1.3337949876437674,0.8523971562298712,0.9939265604435259,20.562183251231293,4.637275636455818,4.637455559510184,6.230425855985899,7.521620656460581,-10.355406442319238,-2.295641473621879,-4.883634989466912,-4.8836079206390774,-4.88362714034275,0.20849020748983665,0.36870668360468994,0.1644910934770795,0.11849349474170931,0.11568672557211715,1.8189710306659512,1.7782340299600075,1.9577335209254718,2.2067482283877324,1.8476916788617517
0xlSHoS9ea7YM9sAnlfl,5044,2010-02-12,2023-06-12,8407.8413,29.848099999999995,93.55419999999998,124.7214,623.2372,39.62669893715922,2604.1158233049855,1306.3039766786087,425.88071999676185,629.3269340421463,75.92061461183968,5.425674421313575,6.215097639172251,25.487143571785886,31.531709875464063,0.5219491325216367,479.9616823809564,210.18237403790602,16.709629260621,19.958541307391886,0.943234529998833,7.424014894896781,6.027732396828765,3.6497198526264305,3.9681803597429743,22.290890030344258,7.564568194728993,8.079593078171676,8.16969926785196,21.874967064380325,-34.4652031836157,-3.866524459716736,-5.653307218441494,-9.90835417708854,-9.908266178547064,0.17825463350193818,1.4301398039478002,1.1130729721051578,0.7136142891305909,0.8501884144123274,3.0000010514352544,3.058017243932114,2.9313653109157074,3.103875394221825,3.4011364023217383
0zcaFDLrHA2zio5nzNAI,60194,2017-05-13,2022-11-17,611370.7702,0.9559000000000015,42.203199999999995,193.46139999999997,491.59090000000003,385.8365947706444,11.59606642411768,300.8075310946989,777.0425508351834,487.741503594943,67.60033632532004,12.633981652650128,16.525195562996252,21.342118462210102,30.23606847062229,5.707613537806133,0.9178473376748387,18.202963465574758,36.408876288971555,16.13111519670086,2.46929314138582,0.5119015322829378,2.0871604038910365,3.1468549153785643,2.6053054427650664,50.013920281403834,9.437066459660116,16.497171285940016,16.497146943271602,16.497150988388665,-28.354502934582225,-12.633981652650128,-12.633921639666678,-12.633835214142309,-12.633812266636657,0.7380872189238726,0.14766650250274127,0.6984373584775385,0.9947982922768679,0.8358678456624277,4.7449900404742476,4.579265557435463,5.312169261481169,5.01832265575492,5.093065278805048
10gAZFrWUyt0yKglAD6O,1323,2010-07-15,2023-12-18,173558.3948,-2.229599999999991,1.766900000000005,7.809099999999998,93.26080000000002,74.37499074049656,-24.255713588451698,7.350977509992651,16.344335677693756,93.86609160124215,47.063511545597756,8.58349174587294,15.070735367683842,20.80400844946031,20.803791725618247,1.5803111220980168,-2.825856225715389,0.4877650181394163,0.7856339665213775,4.511970358059939,1.413675023712075,-0.9022005995100387,0.38383752588107034,0.5848445963874948,1.6584318172065426,29.806692222212796,4.914459464410026,4.914521730579113,10.092512503468964,24.369627208809174,-21.062816813223716,-2.8458580842526615,-4.679451636906284,-9.736987522281638,-9.736982495496715,0.2643037087282669,-0.10111418811066314,0.04843679690266401,0.09060739469983153,0.30502017610138266,2.967931973718455,1.7791364530657756,2.0032181889693486,2.4593675119849445,2.9196528519841247
120RjW3DjxfIr6MjBP9H,58836,2017-05-13,2022-10-27,45721101.94770001,29.1149,57.0205,389.79220000000004,2013.1196,989.8958614452409,1553.0831897224277,492.15224840115684,2363.2120329342306,1988.8301838623395,29.440380345544238,9.96485478191137,20.712749671963838,23.77776772437703,23.776886759324434,33.62374567946301,155.8560785593836,23.760836016249424,99.38746396750523,83.6455253370121,3.3860587166984484,3.667658937625049,2.5293190091413025,3.938633684857406,4.120347550641796,57.31906827425022,11.515945996933175,16.497108873530287,16.497139607239642,16.49713827051493,-14.646080582746224,-9.320761607662497,-9.579249148704271,-10.186914200785857,-11.367306490129414,1.0678326070028161,1.3264192537689636,0.8599464701839246,1.456474110066826,1.3500894230525227,5.006208851682148,5.741060779145942,5.397194642617036,5.870261508790862,5.201504218554455
12EmiQX5caeEF1jX1ivU,16934,2017-03-15,2023-10-09,285.3281,-1.961399999999994,1.1946999999999934,6.817000000000008,42.49280000000001,22.825640214795474,-20.682023027160756,4.99386897905274,14.334389531059388,42.7656438203085,18.23717765946601,3.9398321214046628,3.9396949653753177,4.385999087235771,7.4329422766234,1.2515993779853223,-5.24946809657134,1.2675775721070313,3.268215347507855,5.753528310694195,1.1073341554422649,-2.731912433116472,0.6045960249965164,1.2667483573890115,2.368233469828136,11.61929377722184,1.01178075473487,1.6881301718227881,2.719017759228093,3.588977499567103,-9.339587247358827,-1.5114073729409316,-1.5113088471639613,-1.8864165124391374,-2.3674863789349354,0.08997539775089988,-0.09504330273578387,0.02116680608960122,0.056037799385672916,0.14675001422492698,1.289868241088924,0.5522745307050347,0.5557638751885761,0.7022487789101794,0.9836801501564534
12VEZkJl59Fh3kgm69yO,2697,2007-01-12,2023-07-16,246.9877,2.071399999999994,6.077600000000002,9.038099999999995,8.036800000000003,7.8427655769508275,32.12253117769463,27.359311113905747,19.34663061720958,8.15814370522876,7.81994243926214,1.090945472736382,2.117598358447814,3.4028176245702646,5.235945946999376,1.0029185812895627,29.4446715995097,12.919971818433003,5.685473848940943,1.5581031179101534,1.15432311021383,4.1541010128182,3.659666849016441,2.3019627183079083,1.1363471650703374,6.198738156538974,0.7993549621992502,1.173938622610704,1.6881973274835982,1.6882166957670641,-2.9533200002431537,-0.6083041520760335,-0.7810111399430775,-1.1002705439772664,-1.2803528047840795,0.03087098945852621,0.1177029314743098,0.09848572295433002,0.07199971939719238,0.03226086228229287,0.4245447056082584,0.4497907262775487,0.42720073937482816,0.4965154747547659,0.45067680706978513
14SQNmQX8JDrwIVRjTNt,257901,2021-10-16,2023-10-01,5318.3588,4.2946999999999935,5.2228000000000065,26.346900000000005,167.3628,676.241382943654,70.93891913025676,22.830575102305705,61.007782292962375,169.6104540449927,18.325325238474697,1.9918213585516042,8.76300657608141,8.78155715391008,18.27551345757317,36.9020126051493,35.61510113629945,2.605335840397708,6.947262452855303,9.280749043727035,5.123912152783697,3.946780575502091,1.208771245256576,2.014275349521654,2.8469360040590503,13.526354131330166,1.5657053304416024,2.587645588573606,5.530270436089535,13.52617389794113,-5.833375125555285,-1.9918213585516042,-2.918956559323105,-5.833538253080062,-5.833369311035696,0.8520998903704434,0.22820731006090458,0.08981136858969987,0.20345707570759933,0.4230845551228959,2.639909898784041,0.9178819722624431,1.1794715358782324,1.603445601198209,2.359118395661049
15NCwoCPGcsRuQBFWrtJ,183596,2022-06-25,2023-08-20,1747.5532999999998,-8.856599999999998,5.736000000000003,49.6849,732.7903,1172.4094780654386,-66.93991930518862,25.69899204318351,125.73386066627373,747.459363380026,13.002725942676873,13.005198929294748,13.004490694255633,13.004336160165586,13.002875894892817,90.16643765577008,-5.147166119420418,1.9761628999846428,9.668610463286635,57.484157306585395,5.83323566505484,-4.0071925204187115,1.0942307476536257,2.8049157031950513,5.185588207477053,24.20055852299545,2.351016685545515,4.894161027633093,5.824088124985249,24.200510078694414,-6.7554983715049755,-4.960317048625873,-4.960333962016117,-6.751720870310518,-6.755693104152527,1.0570781985921045,-0.44517809491848825,0.10336220700114294,0.345145468265725,0.8901908436680093,2.8767217960118745,1.7635746557513816,1.4995229951683027,1.9533615376715796,2.725118344340971
16B8e3Jxl4vw9kM2gwQ4,16392,2022-08-10,2023-12-08,2581.5145,54.09219999999999,185.8874,381.98220000000003,1110.8025,1078.8214057723833,14137.377527157303,6167.915062041759,2225.3932230431374,1111.408204102051,24.05467544674541,12.258029014507255,19.52665119232121,19.526647182490752,24.05482159715586,44.848720081914365,1153.3157174310697,315.8716259789221,113.96699096599716,46.20313643205149,3.578153604032334,6.233444542867943,5.923945185706872,5.21714352649462,3.9444946689835017,21.450131476611965,15.77053441105618,15.770586159420642,15.770604732958503,15.770605312899665,-12.772207848210426,-12.258029014507255,-12.258074978024602,-12.258069675421668,-12.25805769765078,1.104237715768955,2.235122414077323,1.7942869747100094,1.348845066003373,1.093903925275279,4.8989596996567695,5.692112619371249,4.808184715029886,4.104209804094715,4.402385583989036
16eOiRRWu67YLXYQDRVZ,12097,2011-10-22,2022-11-15,9170076.208,-0.16229999999999564,59.271200000000015,150.60320000000002,1138.5341,181.2154039472821,-1.2794569533447375,526.2830552588083,537.9621142803312,1126.8868652073575,55.063901292511844,10.423631335942451,10.43021516381918,14.608794223937727,32.49480258545634,3.291001903127515,-0.1227457986673946,50.45754540945653,36.82453911212162,34.678987885641654,1.877255269598785,0.16256907415372127,4.491957634625251,3.6551239846463495,3.9326572806115583,28.88485433390833,4.826344348869949,8.874923382540834,17.361755319279816,17.361776352694758,-25.336075852649355,-6.906666691326957,-6.911126838856497,-6.911738376672217,-10.892178675126807,0.4991584952728704,0.02619821644289897,0.7792578458497383,0.802009891003995,1.098044487253671,4.221000515010861,2.5581974626666844,2.7538850118558296,3.4831957485281655,4.432350598280759
17HBMpnBPkgrR0DZ7uDD,1706,2011-03-04,2023-12-09,6474.718,2.0875,10.937099999999992,21.877999999999993,59.0205,38.85172094437455,28.90721974923447,50.7804953838201,48.69112279000929,59.39466584149422,32.030113169692285,2.034976956106771,5.352835936942157,11.177697467515845,13.707640585165649,1.2129748258628397,14.205182846167704,9.486652679444681,4.3560959608643355,4.332960546526941,1.2222904717784524,1.902084800859591,2.4670641004342273,2.0427056303771796,2.233955854019593,32.664433895322055,1.5104646179243675,2.4055627578078997,7.034263070461355,7.034423476591245,-27.250607044312204,-1.1904575183901422,-3.106664623071975,-3.1065579749790184,-3.939215621848058,0.1485746631120805,0.10984138762209102,0.17169968530391705,0.1670978453726879,0.19546651988939875,1.9296146969769514,0.9167193655476338,1.1048144247786458,1.2985699071751915,1.38898662747363
19kHgOyQgR1fo0LsiaOY,193208,2017-05-13,2022-12-29,2950630227.9191995,23.22459999999999,182.01209999999998,766.9068,15159.453,2025.9605132876845,999.9443163483237,6237.742094551582,7687.360070615164,14866.624219011697,24.451766719273415,6.744901861442787,7.068421393780778,10.211929374038997,12.159057171714016,82.85538368443449,148.2518703592268,882.4802239492857,752.7823380915802,1222.6790292257508,4.364491005797441,4.856713883744291,6.442700814002037,7.103850293316269,7.478038701754733,56.399335807772985,7.667224492995883,16.036151253235808,16.060841456960496,16.5922171717241,-14.567371059007428,-6.118485871931345,-6.109443214932009,-6.590419181208418,-9.95020745981593,1.3278483723014063,1.0584910023101066,1.7779018481317719,1.8384489700353859,2.111786755086839,4.829644373987464,3.459751623193798,4.380665452056136,4.1082612149410345,4.482936875934139
1Ar0cZiHmNaZHmLGOppG,7626,2020-08-28,2023-08-09,595.0536999999999,33.894,49.5308,24.121299999999994,20.123500000000003,93.3874505091104,2361.73157975702,414.1364471171572,55.29638318837764,20.183591795897946,50.2520260130065,7.095950084339131,7.276248059011792,31.48818984481404,45.20286183750426,1.858381799072924,332.82809936464986,56.91620788054912,1.7560991425959882,0.44651137063963214,1.2661536401195115,8.270313569625792,3.998640533873111,1.140513983137827,0.6099008399265214,35.82027392476981,6.756278139069538,6.713254760720866,8.944914304475615,12.1874060669795,-20.769759483997685,-5.72068555790286,-5.720512099845621,-8.9550938471619,-11.11580095145136,0.3656625393010454,1.3708532718151176,0.7007319552152946,0.22530532191218838,0.13804272173839255,4.584524873324036,2.631293343823814,2.7818892048592616,3.1359642739266445,3.5929779542485285
1BcTUxTQqYqiHGB2Fnmb,2750,2022-07-07,2023-03-21,,-34.915600000000005,-23.7254,6.566200000000008,,,-99.41879507613382,-67.26657381492132,13.912251788028707,,,42.36338169084542,44.1146207989219,44.114682913274464,,,-2.346809699982423,-1.5248136014027625,0.3153655624223562,,,-5.23500467146256,-1.2468046297389115,0.5348812354010978,,,8.04665340457369,10.016128312519523,13.410025518609391,,,-22.285130559939304,-22.285127944738868,-22.285191208671396,,,-1.9388007126412317,-0.3471987776475153,0.1371476946653222,,,5.879174727762422,4.420588114209817,4.0703468615588285,
1FhrYdnxdkNxtIkKeZtr,1896,2022-02-05,2022-11-10,,-8.433500000000004,-21.534799999999997,-25.7467,,,-61.70464011114822,-61.43918028481373,-45.071106631533375,,,14.312678502580933,30.273885748475195,40.561103185924864,,,-4.3111874622224855,-2.029444809142422,-1.1111903545851665,,,-1.0317236445834457,-0.8499454424419661,-0.3596744696498215,,,6.23938090357139,7.326061393890382,12.54944283220938,,,-14.312678502580933,-18.20023025505617,-18.20036122059635,,,-0.2946220835533118,-0.26075972404040865,-0.11305520753969074,,,4.533171850361958,4.870232939450272,4.9897780711881055,
1HNky5XPYfF8Gu6k2Mht,177281,2019-05-09,2023-05-04,4497.5542,8.012800000000006,16.241100000000007,31.445599999999995,84.2789,161.17215263093777,143.18199904038232,82.93956854781676,75.27852292377261,84.37090107963874,24.493507841075314,1.889944972486235,2.4585231112265515,4.586836183596699,5.334970090043766,6.580198870520866,75.75987720532703,33.7355252708763,16.411862100717993,15.814690552266354,2.4535304661516055,3.3151484316350732,3.255058949362821,2.916370914321672,3.2820283375816315,50.01391565840698,7.970383448847573,7.9704704820531935,7.970471003219504,7.97044397122193,-10.589974962611958,-0.9872936468234172,-1.3597189178969127,-2.0720487758354666,-2.072008845282569,0.4128846048684804,0.38564085832312983,0.25094651268673707,0.23251830688177647,0.251212727797392,2.671391286277994,1.846631897574363,1.2238341767874643,1.2656530325232618,1.215065201568258
1HPKlYuFIhrdvRrGD2Hg,41468,2022-05-07,2023-11-03,1408.9019,27.169099999999997,18.040499999999994,40.4416,275.022,516.7358921872774,1299.7130702373215,92.5207091735428,97.43581656320906,275.2096048024012,27.122923975233128,13.616555853409707,16.137568784392208,25.22807109624837,25.227759635876602,19.051629266045456,95.45094106244655,5.733249562537956,3.862198429340029,10.908999006436678,2.5578280771094666,3.787757098195786,1.421792979253573,1.41319313073357,2.125810312768466,21.97202430523426,9.889344672336176,9.88917296863816,12.686740351852244,14.80003342005709,-22.757703056031808,-10.857196906287037,-10.857230200874401,-10.857199954865616,-22.656951622468867,0.8709149706557805,1.2284966322962403,0.3322189100315047,0.34772701302358516,0.6436845074463988,5.4051117338009185,5.1486351810960755,3.7092683517304317,3.9060444631039015,4.806719920190044
1IXg9h5EtVfvbXb0uQ36,9063,2011-10-05,2023-12-23,837550.049,21.190499999999993,58.75280000000001,61.5685,180.50009999999997,109.66095792261532,909.7860011430848,518.2949787343227,159.33621070542867,181.79655598615136,37.468113431901095,4.234193367154992,4.876984031407305,5.0531530484711595,9.598006890370748,2.9267808778770217,214.866427263425,106.27366737240746,31.532037359057654,18.941073710682552,2.062299534180978,8.868590915686724,6.817321961826732,4.26232369390032,3.4070082240185404,26.85971552111084,4.186221993731221,6.671895521494631,6.671965859130857,10.332065586511163,-14.952322351542469,-2.8481457166737667,-2.848049523360474,-4.433409049868375,-5.165375908403147,0.3248911647599389,0.9827122161760589,0.751882839201459,0.39229889490712144,0.4334825017460452,2.5008429984200573,1.759024962859499,1.7508004040793579,1.4610696747622138,2.019754849840796
1JZIFf1riv0yYa7PL78G,242033,2023-01-10,2023-10-01,,-0.19819999999999707,8.430300000000008,27.02799999999999,,,-1.853508475587673,38.50524808034923,62.776582353637345,,,1.8115519805259273,2.044527294196341,2.044756350761179,,,-1.0231605250706441,18.833325526957466,30.701253149436706,,,-0.25052626923996557,4.336592259243635,5.490956472950681,,,0.7707347624563265,1.2980412573636357,1.9214128618986415,,,-0.7034538372801435,-1.0694860996350752,-1.6786172182914672,,,-0.006907464884213435,0.13259048467425733,0.19669978396257534,,,0.43768905342302145,0.48536006295799133,0.5686645456420226,
1PsncVZQkwnJ69Pe0l41,965137,2023-04-11,2023-10-07,,23.863500000000005,57.98129999999999,,,,1067.096504699516,506.5455180493809,,,,3.346269788624534,8.374868100053556,,,,318.89135428561485,60.48399950873753,,,,8.495514032418598,4.470873343891467,,,,5.890307463209532,13.765114174405824,,,,-2.4118034899414775,-3.921572250917049,,,,1.0445873812230426,0.764003818078745,,,,1.9518902019438444,2.712710400667421,,
1QQvVJHphCfgK4o0jFl3,4269,2012-08-09,2023-07-02,5266.1122,1.6861000000000057,14.007000000000009,42.655699999999996,62.8434,44.244137799897466,24.231802432996986,70.71901299075375,106.06144291957303,63.562319933133196,34.45982675096326,3.9539028134374266,3.9537141263825237,6.874741687927866,19.535545895535822,1.283933843302352,6.128578160961536,17.886728966785107,15.427698629872635,3.2536751352138147,1.2810204148472188,1.3745959732202975,2.3569871508711766,3.203637321650369,1.9482295510769554,18.38789370029914,2.037640983147737,8.13326562953154,8.133357381074436,8.133339985918697,-14.124913209292355,-1.4958102272412455,-2.7474414757940657,-3.035856448777874,-3.6256829660520906,0.16663589018658878,0.09654612821285001,0.22720251807646463,0.3004785619718229,0.21071439375501747,2.0649653346117627,1.114961997301384,1.5302281809787488,1.4889167582943632,1.7169369489216668
1QwWWZloyj8QDN0tqnUd,118026,2020-09-26,2023-08-26,74.99009999999998,-2.788700000000008,7.695,15.027399999999998,11.619200000000001,21.232600863117625,-27.257384797945537,35.434087081209455,32.44517481308249,11.724177787682644,8.83189423735502,4.070626756766971,4.065117298050536,4.067359494694511,8.532403426339863,2.404082328489972,-6.69611497851851,8.71662106729422,7.9769626597806695,1.3740768224214115,1.2857191782596007,-3.1348073176562963,2.7850095495685916,2.5832384492220766,0.8176307131500772,4.430917629479425,1.0367940570927603,1.456879607442474,2.0544255877644746,4.4161645456742615,-3.922321820222985,-2.071244084799373,-2.072799532605807,-2.0743928338696205,-2.7841523318224093,0.08161905387094386,-0.13013304949037474,0.12490381245438915,0.11493381215751312,0.048606923406788766,1.007733519597383,0.658987270501977,0.7119496425626726,0.706290859737623,0.9437157577033587
1R988jdc9Rh0u4QsFXlQ,13449,2011-10-26,2023-01-15,272600.46499999997,13.076399999999994,32.8959,49.4853,95.45889999999999,102.6337857776939,413.7616576695311,218.34471105410373,125.12743790576235,96.60874594614658,30.2771103720735,2.746275107278684,11.618096048304105,11.618067309449042,15.516303307915136,3.3898144346152517,150.6628584197205,18.793501977114015,10.77007341866538,6.226273360927714,1.9582526484118543,6.064967209329165,3.492462204819767,2.788400741738198,2.0217749390061788,50.01392839044427,5.847524655596281,9.178394306863735,9.178452821239457,10.156089436081261,-13.631941997592412,-1.3604812958956325,-3.509034620910134,-3.508891855039198,-7.45421807002109,0.310201440632034,0.7035120409901766,0.4921376118207025,0.3437729061197804,0.29621379090731575,2.514637329085992,1.8413796881899613,2.2369440045511,1.9571167159593732,2.325801978830579
1VziV2MsJwhMvbp6qgJJ,72519,2019-11-22,2022-10-08,63602.668099999995,62.9591,173.07720000000003,894.8304999999999,4651.2411,846.4732938069454,26924.154087909646,5132.739990797919,10177.797271314364,4653.617908954478,33.973086046191405,9.408471595085576,22.321979554015627,22.32179762069625,26.92002027760083,24.915996523131298,2861.69265813304,229.9410757176579,455.95777921925736,172.86829136702335,3.3279208970639216,6.438918269782264,4.983378212739978,5.191899766046787,4.6732175227380175,24.98337488191904,16.497118230437714,16.497154274042437,16.497149730538084,16.4971434632613,-15.135788709991104,-9.320723511498464,-9.32071224129476,-10.363021166325371,-13.426195758136682,1.0109178729460393,2.5355088230864418,1.7579046469555806,2.0619874090602934,1.7155082345788608,4.822177035671702,6.251042965752956,5.599789932683474,6.3046354553264345,5.827430208880805
1WH61ZDCPdgerrYL10EZ,541898,2018-01-25,2023-05-20,42318.8921,12.235599999999994,27.437499999999996,60.26819999999999,146.269,212.28270610538846,277.3215021734494,164.27603275870268,161.06226854209646,147.2789882708566,32.693348739826035,2.263768134435218,3.971533209619005,14.372677527450683,14.371049915672952,6.493146596720212,122.50437575959504,41.363378848457856,11.20614222607306,10.248310953971103,2.8628361916952487,5.155207502143872,3.9007116536149886,3.184076547350898,3.0434016120130374,28.360289034674025,6.217797805891134,6.217957500355609,8.703313475556307,9.395220397361648,-13.74262493437236,-1.3505495740739892,-3.1012405145065314,-4.030840728319285,-6.965759685832518,0.48848323725499426,0.5677682759635195,0.405783546078891,0.40436996878112536,0.38066064350162254,2.7086534028379012,1.7483373771705488,1.6513945829116061,2.0160238470672107,1.9855415584450788
1ZC01R4Ju2vOKwhHCYxQ,772636,2022-03-31,2022-12-14,,2.1326000000000023,93.89939999999999,339.07980000000003,,,28.065450136618008,1258.8948475187833,1876.0804114393359,,,7.120274119268755,7.1350381900945,9.80793918171785,,,3.9416249524253293,176.4384175639724,191.2818153416345,,,0.9594376161539357,5.947518787522863,6.821008592190654,,,4.42829951481063,10.977635696489374,10.987806196435447,,,-4.013209920391203,-4.070971205091833,-4.8916144304092635,,,0.12238725655986697,1.0985470308527832,1.2410285588519798,,,2.024975292081394,2.932129196372394,2.888241138189235,
1dVzvYYOuNbe6fGip5k6,22792,2017-05-13,2022-12-24,6668137.7511,-0.39149999999999635,37.4066,114.51249999999999,1695.5192999999997,623.029219627969,-4.023873100993791,250.15483747416857,355.1100911111324,1696.4175087543772,41.37358420662643,18.541919075607527,19.12101447613681,19.120173781227358,19.1209559495247,15.058623311832482,-0.21701492087123397,13.08271785403248,18.572534704668218,88.7203293199651,3.0809962000102113,0.300913095414369,2.15974091610118,2.5341489533875046,4.329461299810128,50.01392601241867,10.433791354330113,11.515872320830777,16.497095102096736,16.497148486450385,-20.39563131711637,-9.555672778131719,-9.555676140028202,-9.555598392493591,-10.186971330078908,0.8869402478851686,0.09010317486848406,0.602089096281321,0.7013947671936883,1.2613202636761731,4.569866052422302,4.753344337728471,4.4254697514542976,4.393702562106912,4.624787487681083
1g0UjT6pR0adsLlF1ilx,5122,2019-11-22,2022-10-11,155795.7372,84.82220000000001,294.8838,1234.4024,7765.7725,1183.310965937091,114197.1273000099,22259.0407731416,19278.252613908786,7635.077606429536,53.28394795873972,4.025605742760785,13.446804256591227,22.85255325801463,53.28455437706072,22.207644351979784,28367.687895261402,1655.3405811816494,843.5929410709371,143.2887577965084,2.94457680721884,9.569809330145187,6.296427498831727,5.4129836972571,4.68345772675649,46.10791087386183,17.665704837928352,17.668229672744328,18.459957023245078,18.459975079027302,-25.33612326972611,-3.861278603797602,-11.386511492488227,-14.907206064781175,-14.919349676830507,1.2330910067578604,3.087076003366835,2.374629626340264,2.36116507704312,1.9640720861439949,6.647716859944195,5.120876561794507,5.986899188482619,6.924523642728448,6.657192100511944
1gCzsWBr5DYGRE1WerWY,2672,2022-05-27,2022-08-25,,27.086900000000004,,,,,1289.8319794372403,,,,,15.939746287775346,,,,,80.91922896078025,,,,,3.4713442730554473,,,,,11.713337673089686,,,,,-12.339490020534672,,,,,1.2569129536837935,,,,,5.747881224427034,,,
1iGjwiVx9boqgoZxdEgm,3191,2023-10-31,2023-11-28,,,,,,,,,,,,,,,,,,,,,,,,,,,,,,,,,,,,,,,,,,,,,
1kS0riMhlAwG5b4wAX0K,26966,2022-06-22,2023-12-05,21016.7249,6.802099999999991,59.31569999999999,136.61919999999998,1781.9955,3847.7576722993135,121.59702411094938,526.9723297433449,468.22801466024157,1782.9369684842418,22.795372882205157,12.917664676851537,16.008488789363717,16.860709395909957,16.03397785727141,168.79555742222598,9.413235840441912,32.91830582368732,27.770362661835783,111.19741990136777,5.478015456409952,1.4548209606260527,3.122330049029324,3.5981203895681126,5.309846599998569,28.32513038372535,15.65400178139711,15.654057329561045,15.654001090832747,15.654084347307883,-10.873091660636458,-5.89137305919537,-9.817870576409183,-9.81777194308522,-10.707054131947269,1.5728690921050923,0.43328103658690587,0.828992530892394,0.7512314917364469,1.2441464401420321,4.557950406328956,4.727814218936949,4.214752523333958,3.314349975510314,3.71954482658275
1kpCKMUZwgnCyyJcv6sl,1121,1999-04-02,2023-01-28,454.3376999999999,6.803999999999996,5.160100000000003,-4.218299999999999,-14.644200000000001,7.466649575172601,130.6425693986409,23.3578970088689,-8.229419083081924,-14.65518681955843,68.97459054776192,2.2829142075345366,9.199224500661774,18.96612859491408,25.761721015322625,0.10825217686507715,57.226228198794225,2.5391158795166464,-0.43390083758520487,-0.5688745255350672,0.42934743721853796,4.679582400050227,0.967083923256235,-0.205161505249677,-0.43399933968840393,13.341128686612414,2.526262447107719,6.436492985826514,6.436374977519477,6.436569904600353,-11.460908055720143,-1.6387403599445238,-2.9692846423211683,-4.916479410888808,-4.91655161782859,0.03894250496748502,0.3565953646250097,0.09706763977486206,-0.021132479408514898,-0.047849895095885935,1.4398434644167086,1.2096754447140998,1.5933477686087472,1.6351396437576569,1.7502181838590323
1noyOcrw6owhar68d9CK,365721,2022-06-25,2023-02-05,,72.46029999999999,136.50930000000002,1023.1372,,,96509.50760552291,3410.0997429865556,13551.864307244039,,,4.439729183904062,5.931043530236346,5.930784798314925,,,21737.70146958774,574.9578005290186,2285.003548112965,,,10.839541481032452,6.8538113865084,9.471070531471643,,,12.188537312223534,12.18855526568925,12.188625849091771,,,-3.5548616115514964,-5.209377149119653,-5.209264402466285,,,3.000205433156658,1.5035033508811586,2.0423905669379425,,,4.393800681769011,3.4823508300338393,3.4232608672225955,
1nsDEkExoBRHVyYF2kWD,4205,2022-08-05,2023-04-16,,4.944699999999994,41.481100000000005,186.6961,,,84.85839174675311,310.58115244500175,766.1673846582538,,,5.686305465381325,14.33279533454469,14.332573486638655,,,14.923291100588543,21.669265847705486,53.45637232367954,,,1.5550258596599418,2.643947411426021,3.550269131918325,,,7.0644594655387305,22.161563130314256,22.161618019291176,,,-5.686305465381325,-5.686341815797158,-8.688886816915975,,,0.3015651659432687,0.6383718286850417,0.9533760269942503,,,3.0785331120099504,3.8328442435529175,4.262881116274103,
1nzu3oN81iRqfbCjCbNe,143082,2011-10-21,2022-11-16,84380950671.39279,54.675,353.2676,1859.1906999999999,24277.5654,541.3999618543601,11860.944837654439,38381.48023686255,40196.15894427118,23765.576455193735,49.50985362308021,6.578831339986024,9.969987090636078,11.575812807307084,21.124933036720073,10.935196172787176,1802.8954117677129,3849.702099705912,3472.4264821298652,1125.0012681168555,2.906965113492406,6.062711095559904,7.159104049265086,7.409272651060081,6.789738895488163,57.319070840632676,18.400210768206193,18.400235949127097,18.459953409973306,18.45997308271583,-17.205644827615284,-6.200981055624966,-8.326463231615799,-8.326394459086107,-13.138355199753049,0.839171649350568,2.1467972824016215,2.583245090527728,2.571894566334491,2.3495072228568814,4.582592645173055,5.621140412245972,5.728055386288025,5.510333125472812,5.493181912512149
1okaKQHMq2hTTAIlFapp,2617,2010-02-27,2022-10-05,8757.227900000002,23.162000000000006,64.49240000000002,232.84480000000002,327.28389999999996,42.765450716358224,993.5982139005861,611.0980126275832,1052.8464626023888,325.04990290038984,45.985894291980344,11.250605216970278,11.250549623282357,23.18288735897609,23.182845165331578,0.9299688823017247,88.31509014304888,54.31716965746735,45.41481163668517,14.021139363277145,1.2035928839799213,3.1007759638191335,3.443614174178959,3.521873212111046,2.622942204773832,18.0375615853692,16.497176345231757,16.497212462383402,16.497140302221915,16.497139048683774,-22.601598479534225,-9.32070741990626,-9.320730339213535,-10.363057573441136,-11.367357636547293,0.16508890133300655,1.1638298723803184,0.8707610379904646,1.1009361845080385,0.6543601414215092,2.17740159296904,5.958259055092367,4.014068431641033,4.962364931611978,3.960302744582156
1q6jGMW8CjyuRR0R5IUp,5494,2016-09-21,2023-05-14,2694.2318,-2.125799999999999,3.243899999999994,17.875599999999995,51.79530000000001,65.20001717638225,-22.263475192106508,13.8482638535117,40.20933338358643,52.37977591335845,27.71472605373986,5.860000059670101,10.977547276710887,11.602290857589836,12.311574626860299,2.35254056092624,-3.79922780979628,1.2615080130778489,3.4656374225683897,4.254514755495281,1.777718525817875,-1.011831895193159,0.6625540056245242,1.5479422662443243,1.7621017306269162,18.933852218814494,2.719068547078307,2.719038314081468,4.737149090954307,4.77774886129696,-9.230787295175869,-4.264521460843007,-5.324998970218708,-5.325156650109452,-5.3250749273140325,0.2181668915278448,-0.0943647343776749,0.06403704643621234,0.146534354665118,0.18119003581005566,1.9481667009971235,1.48047687101423,1.534299979718131,1.5027438791184693,1.6323136166232788
1ryqeCd3RuNdXy3qlI2r,30864,2014-01-22,2023-04-29,58358997.80189999,5.782900000000009,39.4658,59.3669,398.0916000000001,319.35835666404813,97.51134435443088,279.08770194405673,158.08677333701974,401.5393037469636,33.4166739999368,7.03321660830415,18.150407252406488,32.82281961886996,32.82272126874567,9.556856456290419,13.864402276377897,15.376387871795751,4.816367855433574,12.233577480040202,2.44996957443305,1.548888855772002,2.49352199533183,1.7616476305461561,2.8962170328675247,57.31906958512785,11.733288887850879,11.733340633892531,14.80008257662786,14.800094306766255,-28.749805448539757,-3.91561829277447,-7.109785659091794,-11.158660263532717,-11.158624585329935,0.6542942802166682,0.33894678420317387,0.6122214144225594,0.4663273557753378,0.7205670814928866,4.239481096672564,3.47385377076537,3.8975848929411425,4.2021554987544505,3.9495133388168004
1sazxq06rsK5xpePQ94M,25631,2019-11-22,2022-10-12,38718.2555,97.68279999999999,231.6474,1103.4201,4133.3149,689.7921386049983,175760.8966974539,11146.550339749694,15608.260732005176,4073.1822424405195,51.643472756319895,4.9281661979125975,12.60548919048513,20.250474455205435,51.64313864426374,13.356811650908673,35664.563579836285,884.2616237506537,770.7602489280458,78.87170201830767,2.596597950647669,10.526263761867975,5.752065888221363,5.549713341146758,4.3496873289859925,39.62038190666195,15.391020729579008,15.407948839864915,16.471754798925264,16.474684929327886,-29.160394400120428,-3.6820123890484613,-10.09212452069318,-13.146399763086647,-13.146006956538592,1.013109106128552,3.257834172072148,2.0790407917505727,2.242706784562463,1.6822685550305163,6.193723010038969,4.913093131799669,5.737721028329575,6.415082060108869,6.139564384834489
1tkOeJOUjvkLoow7EgCH,3519,2022-03-31,2023-08-03,24.325300000000006,-1.049400000000005,4.287900000000009,9.51459999999999,18.508799999999994,17.725701161077033,-10.874251868553852,18.84834121309311,20.408697927122276,18.567728160895957,5.603741241737237,1.834350205348123,2.5768660233950413,5.460750522997371,5.458690111195697,3.16319051798006,-5.928122032995404,7.314443607844336,3.737343033924222,3.4014988546086924,1.6023609956359528,-1.3918655933419442,2.0901732222942893,2.0552645800337683,1.8103919657083676,1.8672255558944473,0.8189894503053852,1.2360581333590748,1.3135427043252212,1.389461311840745,-2.1031229214709235,-1.4742220881616808,-1.4711331696318997,-1.7703892865760462,-2.008521469034741,0.06718249789206451,-0.04650318876866193,0.07110677800878358,0.07603982572080896,0.06974246351656521,0.6655735468946969,0.5303782487702219,0.5400438082423079,0.5873184519843586,0.6115401010862098
1uu3log5o8w8FYImn8LC,6596,2011-12-01,2023-04-10,1939.7849999999999,1.6195000000000075,-0.19110000000000582,-1.9485000000000037,-5.871800000000003,30.488011798610803,23.210470575678578,-0.5729544877349113,-3.8531997730614,-5.8700098986686715,21.53530964085143,1.2857107175862414,2.9064503187090307,4.616298916860595,10.412383482667964,1.415722007580357,18.052638325402846,-0.19713204249415925,-0.8346945989541431,-0.5637527573239743,1.0953551551030378,3.1137684838117066,-0.051643278624614444,-0.5269877156043127,-0.4946419059722369,50.01408136446881,0.8369423231760154,1.2904641160774721,1.2900143334926062,4.036004886229527,-10.52636267170839,-0.8828833329170616,-0.8830293776885711,-1.2220664666437009,-2.3432356752037142,0.11858020641851506,0.08818173293945186,-0.0014034094018398017,-0.014742239629332096,-0.021698654834039807,1.7185315747306598,0.44956509146286927,0.4313907672517456,0.444082076364223,0.6963734020391014
1y7UjNNjXLX1arHDbvkx,762727,2022-06-07,2023-12-18,10374.3305,15.421700000000001,90.8586,171.76049999999998,629.5114,1984.398318253615,513.1388263873089,1176.8973103406447,639.2767855688725,635.6792802205836,8.731958253852435,1.7841104838147603,5.612698725099552,5.610813361429246,8.72979365729254,227.25696350851453,287.6160591187843,209.68474667589967,113.93656220388502,72.81721712741299,6.622184756316001,8.380164407857064,8.309004529727833,7.590307646768504,5.922276646626368,14.555770631775932,3.937289496663121,8.086406278302416,8.086166467181366,8.086490073856867,-7.422622882257324,-1.7841104838147603,-3.256297444548295,-3.2563233076206344,-6.089405633895217,1.2595844072904034,0.7703452446556727,1.051608648426683,0.817707046256504,0.8221065237784819,3.019438949183614,1.4592615432049474,2.0091179036049116,1.7101674322417952,2.2036350642559466
1yDjL7OpRn9KqgzKU36k,88589,2022-06-25,2023-06-16,,34.65870000000001,69.4159,228.64100000000002,,,2939.5511352044578,725.4399328904565,1023.4489424010421,,,9.359133404100216,15.635622152136841,24.27671619813494,,,314.0836879103194,46.39661446355138,42.15763507914916,,,4.761817417587345,3.535219393081617,3.834291865500531,,,19.362899717718918,19.362885469563352,19.362902335520403,,,-4.020163320910597,-9.77450406691458,-9.774445332815674,,,1.547071781730934,0.939041021483421,1.0668744112216375,,,5.157485265656628,4.216658833556857,4.417010187922812,
1yYvo2Xw8OYjQbmMOTA1,191218,2019-05-09,2023-05-14,1770.1816000000001,4.4375,8.145900000000001,17.076200000000007,39.3352,107.53021387312249,69.38650658803039,37.05837139882831,38.26787119998218,39.775609680056355,10.992944240167468,1.259196199502799,1.454205075536763,4.179256812108035,4.179854137904082,9.78174832182032,55.103808775334656,25.483593766958663,9.15662112199315,9.516028159777166,3.347189178875826,4.310734490060043,3.3708231436282747,2.913050037363917,3.153951137686922,26.663555118370176,2.8473733602220275,2.8320186339595432,3.3699687455379213,3.3701321909608284,-4.757335154146281,-1.259196199502799,-1.2474909082045071,-1.5175007811532804,-1.7672295106721192,0.29982920878982744,0.2229969012022276,0.12899211479199593,0.13227364302424077,0.13581721699342783,1.4219815131887492,0.8211978887768356,0.6074736803792727,0.7208180291349122,0.6835969821441938
1yafb3HZWXPigdXayU2R,2936,2022-10-07,2023-12-01,83.16680000000001,7.214500000000007,12.230100000000002,22.021800000000002,77.0643,69.27526791229279,123.36922647116677,58.96671718419486,49.04190346047055,77.15287643821911,10.57220351865994,0.7355849602961428,9.592796398199088,11.44443294740226,10.0856272553694,6.552585540944415,167.71580868306353,6.146978913809224,4.2852191703916995,7.649784637553837,2.3588776883512286,7.705563110753679,2.3223118069368636,2.0691707652327715,2.6919502123314216,10.509315461439183,1.725383397071889,3.0742357209330162,3.076255467810185,10.50966300447358,-3.5613613969042612,-0.5987241040851687,-3.2871872342884467,-3.5477452266664544,-3.559004183608949,0.2206215727333929,0.3369357700897804,0.19590969057415106,0.1679906832046955,0.23771335973513616,1.4847140693839789,0.694133505349279,1.3391698370697946,1.2888106998325723,1.4018025228604156
2C04GAbK6XeIgZQBdnwx,1787,2012-05-19,2023-12-23,13720.3056,-1.2654000000000087,9.115900000000002,23.256800000000002,54.563700000000004,53.06467601938174,-13.654666480753608,41.26656501017827,51.573286239058504,54.90983406450838,32.98689676419705,4.655084767057305,7.647583014553138,12.024208673757775,12.024260832764034,1.6086592321402142,-2.9332798786788485,5.396027075698183,4.289121025620138,4.566587071605148,1.5124978799866604,-0.5624400647174654,1.9795109925620338,1.6060239549603779,1.881853310648883,17.825911170138497,2.178657420403196,2.32202361920284,14.754103205721814,14.754077754261585,-10.514534098788575,-3.988233313922096,-3.988239402901983,-3.9882465709479287,-3.988308755148129,0.18838777283766586,-0.05115886297869798,0.14615598331842433,0.18178289064139133,0.1864619810585046,1.977234627177872,1.4439258931504815,1.1720845782750646,1.7968062796003672,1.5729133447042105
2CMhgSve60w0acTxNjrj,993,2009-08-29,2022-02-19,945.4642999999999,-2.536499999999996,-9.452700000000004,-5.823500000000004,18.254300000000004,20.724611097900226,-25.06612980045585,-33.07280667212259,-11.219109782505054,18.156895382747983,40.624695292333946,6.8582759938837885,11.518218702606365,11.518023071184702,11.518158507303877,0.5101480995430641,-3.654873298013936,-2.8713473433733996,-0.9740482123683659,1.576371376660111,1.0980823115162204,-1.262766974583666,-1.7974287776650877,-0.5356860699346326,1.0377286429197103,7.060170573270663,2.3960294543037275,2.7725412615052347,2.718210938898946,2.7184621393559594,-13.022879001638522,-2.736291436099625,-3.429942391485241,-3.636350714894132,-3.9313273321370468,0.08183365050829067,-0.1106361102166485,-0.1528421812844631,-0.04043918179172856,0.07266543681422463,1.183034199809051,1.3908296916933147,1.349869568833687,1.1983737220223094,1.1115892928197235
2FSQn8tbtmLF4b4yVfJL,10123,2020-03-20,2023-09-29,4135.153499999999,-7.054599999999992,3.297099999999991,20.730900000000002,151.4745,189.21534356538197,-56.4941144280884,14.083102353561806,46.346713387778074,151.60030015007507,20.578789558909772,9.328735815726697,9.328943918217503,9.328037974148629,20.610918917448405,9.194677997154574,-6.055923926246119,1.5096137866217003,4.96853824097003,7.355339213999629,2.6116538543266645,-4.753264943805588,0.8301783603994914,1.8449894403140108,2.6418399480345287,23.868875439657323,1.6848080287165557,2.3538812898006523,6.167777292168974,12.108415264149318,-14.485257659037988,-3.4171386249850944,-3.417302245728371,-4.048840507173845,-6.81402524623932,0.46100469504574787,-0.3392316753442827,0.05952002555956968,0.1619707844976182,0.39574101428269487,2.8021411205858566,1.1329340910816437,1.1381302609457324,1.3936158313159683,2.3779615600697612
2FcmPzmsYz9CrlxKxyXd,7574,2012-01-06,2023-09-26,634.5975,4.231900000000005,12.480200000000004,12.027299999999997,28.641200000000005,18.583651790945034,65.43000066752936,60.38846306566559,26.089882566010903,28.7055527763882,18.400169324828074,0.9193995005660649,3.0230856877716428,7.974431675941707,11.545787434820642,1.0099717813938471,71.16601719627297,19.9757695621849,3.2716917802082652,2.4862360353020065,1.1692640864857662,7.744545138831419,4.5413850767704345,1.941103456466289,1.6205021059110745,5.409344652176773,1.1121002067371988,2.1241330311567497,2.7191190568206514,3.589011594883962,-7.0400304159729865,-0.4505741969275334,-1.509110605122288,-2.0830144322805277,-3.3576198736035123,0.07254339181966094,0.2108449212262753,0.19290345666788541,0.09581864683398056,0.10593635590482886,0.9848849865531691,0.43218282037147493,0.6742981245944851,0.7836129794347444,1.0377570686353146
2HpLfne0Lb6UkTaMwxLA,608143,2023-05-06,2023-10-23,,20.195599999999995,49.8515,,,,814.6801523735164,392.6241042916337,,,,4.0740120494230485,4.268132810280301,,,,199.9699908813204,91.98966427332165,,,,7.027487528871038,6.107399833739617,,,,5.5688816855753664,5.568958897167531,,,,-4.0740120494230485,-4.069390997074529,,,,0.9481722087732791,0.6591939629877271,,,,2.14184189228714,1.7133935939668754,,
2KTxqZ1MAb6zuwXxsfTS,1176,2010-02-12,2023-02-11,5232.9664,16.605599999999995,14.651000000000003,-7.898400000000001,-24.936899999999994,35.83850287606214,535.6811220100559,76.27711676845819,-15.199091919929097,-24.984975696537138,62.8587340799015,9.04405440548115,23.667999152111562,39.860230115057526,54.10057532375427,0.5701435671693104,59.23019676721608,3.2227953143919668,-0.381309688279685,-0.4618245840643922,0.9397017018497167,3.3140337272710214,1.245816822818512,0.02919487397535423,-0.3193982223426069,22.260043272403497,7.319184171533166,11.376118556231617,11.375928514936362,11.375811513135293,-18.74118263596678,-4.869074524855533,-8.670581590121152,-14.7222896535399,-14.722233746836489,0.15735372218574717,0.8519398579998708,0.30014965697466667,0.007019005421818427,-0.06386244429271862,2.658197697978074,4.080865522344754,3.824581594554346,3.8165349464064997,3.1740467021261143
2LOWjgz3Iy4v2XGo6Z1u,5993,2011-10-05,2023-08-07,6734418.1465,11.393199999999998,27.6207,11.859699999999993,26.0791,156.20779395649117,267.2066860143201,170.02310665891335,25.706816420924493,26.258938983844704,34.43464566414669,4.232192801755175,11.204477908960708,24.647037309766862,33.990891826725246,4.5363554915024,63.13669970411181,15.174567529196382,1.0429982353594147,0.7725286855580142,1.9439521000508901,5.830835000652345,3.339599059534126,0.7987103333426272,0.6983530002881005,50.013927185111704,2.8489896337967613,4.340359459547938,5.786449459816434,16.439200511269725,-27.859742448945358,-1.4592535394358896,-5.873055228413815,-5.9937631181932405,-10.308533732866131,0.43391838928053816,0.5541937066957433,0.4211514319097001,0.1197093814510315,0.15164914172403496,3.5434210975793934,1.5087980290060963,2.001908492489373,2.379244937988784,3.447190020284823
2MAlnRQsZd623wVoAocn,3755,2013-03-23,2023-04-03,460.3397,0.6145000000000073,0.20159999999999853,9.1908,-1.133199999999997,18.77324125191,8.27627301255558,1.0107117906805962,19.686540334258428,-1.0880359930990458,17.393872040919543,4.710255127563789,8.251097392761174,8.608496822180022,17.093992388110035,1.0793020212949396,1.7570753151191165,0.1224942262307206,2.2868731604262815,-0.06365019758964233,1.2220518631787955,0.5826405282232421,0.14183611972110585,1.128838694653805,0.029508711760978183,7.743709505358454,1.260405126589359,2.495430873146698,3.9989007760899753,3.9989032058205254,-5.0700367548158765,-1.6706243258650555,-1.9178028598814567,-2.01219111949148,-3.9023730506341003,0.0727889274970323,0.038331343813947545,0.008206282618908217,0.0778384300146507,0.0021199492294342844,0.945531394332068,1.0443681642938627,0.9184592630129078,1.0946176592163825,1.140447979958888
2NikM8NJOSadxphzzV6g,65863,2022-03-31,2022-12-27,,-2.4959000000000016,10.716399999999995,15.253199999999998,,,-25.718450579745966,50.56243516583054,33.26935965517271,,,8.142778489696777,7.916614193864602,10.702760021749057,,,-3.158436719393514,6.386876248815633,3.1084841281656415,,,-0.9129748430750102,1.6020239133787497,1.3364463190527376,,,4.496230460540063,7.247289335512708,7.247268049252864,,,-4.081714357135602,-3.9739268373760184,-3.9737783903359913,,,-0.10732032255896698,0.1806606553403959,0.12590310216438372,,,1.8660506558400225,1.7901724002978767,1.4954957466063616,
2O13d23cdB5z85FJ779i,4530,2022-08-05,2023-03-23,,28.545300000000008,43.11600000000001,137.41060000000002,,,1474.9124756850008,340.624024403217,480.16901050858377,,,11.065832916458241,18.91622847048915,18.915645810294812,,,133.28526526831612,18.00697347965627,25.38475372843218,,,3.572607381118876,2.6124624376953434,3.3221068469472375,,,22.285820823871695,22.285596247295047,22.285699432755134,,,-5.6863858704830905,-5.877098701327899,-5.877030022121998,,,1.2950549781974279,0.6777228288609576,0.7684768890509495,,,5.754441573246944,4.118151603922995,3.6721252453353244,
2OKTHmiVpZtesfL8Ayqe,5712,2011-01-26,2023-04-18,60126.4532,13.751399999999995,11.121499999999997,69.40119999999999,205.14349999999996,68.9182897886059,372.1580777499428,52.778128943749316,194.74376096639622,205.296148074037,34.606650160075645,5.009009147824173,11.097411757662378,23.17447975361151,23.17445953533197,1.9914753225122686,74.29774367882754,4.755895347156768,8.40337142567558,8.858724310745664,1.5882755212457047,4.5860083143014565,1.4055547021858836,2.5241259526802526,2.5610132734754334,27.88594908980757,4.693790438943246,4.9840534853062834,11.89280758750202,11.89295934414396,-14.945250213015349,-5.009009147824173,-5.009054765310539,-6.045950712543558,-7.1505270560125345,0.23562425718389968,0.6746033909711786,0.19470862789992288,0.4773478789696118,0.4907563715411346,2.3550190594411897,2.3351455345747345,2.1990632171369384,3.0020937155137273,3.041966225320407
2OZwOxXfpl1ihAH8Af8m,422,2009-04-17,2023-12-14,-38.2856,33.497299999999996,16.413500000000003,-16.7467,-32.1863,-3.237403775581682,2652.4421179252895,82.28184189103018,-30.82212522374438,-32.152376188094046,92.06967473253268,4.974793717996773,31.872171527175542,51.070329119392355,60.1989808539059,-0.0351625416836381,533.1763020303408,2.5816202018388754,-0.6035231367255991,-0.5341016696964214,0.15966239022540266,6.403435064408178,1.2411617107859312,-0.3665364847565004,-0.44303524519352255,20.358693508567114,7.4552944737079185,7.455276005268763,7.455364230204786,10.224487423442374,-18.140716985432427,-4.07333666833416,-8.142036079412806,-8.141927059779263,-8.474574391639544,0.02922373917820196,1.4480982674305067,0.3303301718432133,-0.08305281846418983,-0.09579848824848329,2.9055839438122963,3.5899243306767676,4.224936094837886,3.5969751303510638,3.4325798495428868
2TtAkr3UMP5a4N85pmnq,35333,2021-09-25,2023-08-08,175.2733,-1.6279999999999926,11.470599999999994,58.32430000000001,225.5521,72.34854615618936,-16.66465199673096,55.79975727383404,154.66753303035424,225.71495747873936,46.42328603739265,10.373159689606059,10.374820501358005,11.735146189329138,26.48528538368593,1.5584537918732129,-1.6065164805501835,5.378382909519269,13.179855669032454,8.522277717942673,1.0880468623949389,-0.4413857991857294,1.4872474750901834,2.4113497487682096,1.843147177205813,48.61208133011645,5.000363530609264,5.16603307545489,10.9930745356972,48.606119459404475,-12.842159183468848,-3.143284931842316,-5.163773501846347,-5.904261706801927,-12.841252900563093,0.31555692333332974,-0.05631981519885754,0.2017658706339515,0.41047523935010377,0.5858355875642041,4.6039477111507905,2.0255507790624443,2.1535984791992773,2.702259354682633,5.045637026825036
2URf8yhshG4uHKUzRFDm,17189,2014-12-09,2023-06-25,2440.652,0.4715999999999986,9.487099999999991,28.001700000000003,69.68090000000001,46.141897571341175,7.147399019493417,44.835217325924305,65.99939661229024,70.48609443184152,9.143303969817717,3.2795387410281096,3.2796589888782757,7.156713956900374,8.244070959520633,5.046523414693066,2.179391549816778,13.670694873450564,9.222025221317505,8.549913601900883,2.5136215575227747,0.7728295538042322,3.059906088448556,3.430951070608598,3.105559321115315,8.376840562329257,1.2812406203101423,3.0610557606121525,3.0611523276674157,4.078047888213021,-5.129569112417364,-0.8939774310630755,-0.8940209926232789,-2.483979658332658,-2.9090254975964736,0.155532195516709,0.030808504152377285,0.15257509115376305,0.20751769570665013,0.21897753649603047,0.9822469312523564,0.6328301487839227,0.7915453660093335,0.9601539704632033,1.119334801313658
2UT5rJf4jGptWDnJGO6N,3763,2015-06-05,2023-06-13,107828.58410000001,49.9117,72.05330000000002,272.7399,246.58480000000003,139.01127026992776,12860.82860974112,778.0532072608061,1382.9626902637558,246.7581790895448,50.525252183208366,3.160843659170176,18.473470124284773,18.47259960427956,38.58496961927166,2.751322640921463,4068.7961811807877,42.11732836474487,74.86562367450242,6.3951891507075045,1.7159734465499619,16.35330977711412,4.063646359525568,4.727792088741578,2.063876939568878,29.15632237528969,4.846158930944178,11.025291111177449,11.025362441252762,18.41064710343212,-23.44650710909869,-1.7073019149352886,-9.700823887208731,-9.700798007881284,-20.632060028672228,0.4202269331088267,2.0664187866023798,0.9470179318378584,1.1588860783890242,0.6034553508081978,3.8875285446380783,2.0059169507739374,3.6994960384114868,3.891191876106862,4.641534836577722
2ZvDGlVdwciwbF9lwxRR,64151,2011-10-05,2022-12-02,4494.1476999999995,1.8269000000000053,10.692999999999993,17.663400000000003,49.1341,40.95664217854653,23.751241631093812,50.435189547082146,38.58530765693,48.97288410942997,21.865837475286774,0.2725362681340604,13.111143326116114,13.542138168752293,17.14068472726695,1.8730882009361216,87.14892074258019,3.8467422933757565,2.849277357541912,2.857113638612417,1.3749845036667605,5.117934286108267,1.3684072438364114,1.313678311649961,1.5082677111743459,32.53438155446238,1.1468931957579587,7.9532195216464485,7.953158813051453,9.2589553025753,-11.650035453103646,-0.2725362681340604,-4.936736709080947,-4.936709957460083,-6.789271823513454,0.1504930671716785,0.08899155193628151,0.18767379007145055,0.1456995984059848,0.17562041535590456,1.7374765841234439,0.27602876713150654,2.1771508958484826,1.7606360708812518,1.8484037312546326
2bn43kBKPA5xLMu26iNT,7351,2012-04-05,2023-12-26,4683.0998,0.646299999999992,27.65209999999999,27.063400000000005,86.09979999999999,39.15717321476089,8.687646380421722,166.060658257401,62.23447590201596,86.65458316601587,23.9096162841792,1.0768917071142359,3.7513733386735804,9.46178980264989,9.461557092930073,1.6377165049140028,8.067335204671737,44.26663071506424,6.57745280756358,9.158596446114188,1.4406206031543882,1.3006943368412336,5.459119947252046,2.5154375650723315,2.8484410945304197,14.102007487279655,0.8842081153870529,3.0677332707181426,3.875372203083516,4.583121981342209,-11.399594481141783,-0.9986185593204189,-3.7513733386735804,-3.8606345748768645,-4.374346272479079,0.1437565879784444,0.03561599651270229,0.40208708730393683,0.20180281787071566,0.2593307487912619,1.584084721343026,0.43468046319258685,1.1692241042610088,1.2735440005467678,1.4452635231207804
2cJScc9MVKLi7oQ6aTyM,288963,2023-01-06,2023-11-27,,3.620400000000009,11.408500000000004,22.443600000000004,,,57.524123355629484,54.362610299943405,50.5619683025925,,,1.4820031900947273,3.6828969875973616,5.259972358995246,,,38.8151143938851,14.760828359581227,9.612592016025495,,,4.0682410881556175,2.560238785549278,2.5130341810306485,,,1.9834232003777208,2.840893128905786,3.7988822519527954,,,-0.8152963032210025,-2.229590129348602,-2.2570063496659687,,,0.19265487076450816,0.1814150505322345,0.16949265536043195,,,0.7517502515652448,1.1248461131867384,1.0706629106455705,
2cOjwwHXQzJN7vHfMoUT,170575,2011-11-02,2023-04-19,11240.225900000001,14.699500000000008,31.672299999999996,71.48939999999999,247.25359999999998,51.22072270560687,383.8749730215281,201.19412267797756,202.2350853806905,247.42696605606196,25.875934232684116,3.2096392260658746,3.735792840555574,9.096857994745289,11.815599259775544,1.9794733687686348,119.60066100390108,53.85580284158815,22.231311678989563,20.940703947060086,1.5477009740652385,7.110909153464777,4.8893269504488375,3.5710378983040743,3.5565582874588464,20.358699380828437,4.271764389595378,5.3395358290303285,9.251472629704782,9.588011378076944,-18.140715173766807,-3.2096392260658746,-3.21047329252252,-5.263572222823587,-5.263663040036015,0.18150676614668532,0.6681348774816759,0.45621616307247087,0.46427066856902577,0.5238801450261349,1.8616842886839569,1.491555037406546,1.4812278137387043,2.063844907339714,2.338311033053139
2dVYXvm5P5Kafl6LSwB9,977,2010-04-24,2023-06-11,6371.843000000001,45.51120000000001,69.32119999999999,83.17569999999999,69.4361,37.43711159828369,11256.16411078156,723.5958640955446,245.94219798759508,70.23816650951244,85.03534258086849,6.953139493289095,17.925005900881462,27.978989494747374,60.37329127915791,0.4402535517826726,1618.8606774890077,40.36795681389213,8.790245910552523,1.1633980030132975,0.8107099776978536,6.692028379366442,3.703935899835836,2.081936605385418,1.0390143358668404,27.85336999121524,13.014451268937389,12.957919633297909,12.364814872987306,26.258449065127575,-36.090629799201665,-3.901251567898656,-7.20454518266036,-10.885842921460743,-17.090364548393655,0.2218982885271645,2.1098295969395857,0.9296194557288907,0.6003947868454457,0.36788949758392403,4.344989236181841,5.004836296962246,3.9842080861521376,4.577935630730528,5.620773960240915
2fSMFHUYalrDd3aPExQj,10843,2007-08-21,2022-11-13,201.5989,-1.3064999999999964,-2.035,-0.7429999999999927,2.5770999999999913,7.525050194799965,-14.084993390889345,-7.594660192611535,-1.3928637892793527,2.639022955725512,16.3142104707497,2.091861741075063,2.9138588435155155,2.913883573784737,3.4402153470895147,0.46125739325797477,-6.733233422802932,-2.6063926224541207,-0.47800941733242036,0.7671098142033967,0.7576413144274913,-2.20403980575949,-1.3227481787414193,-0.23131851535958664,0.41265550628106834,3.552009738766193,0.8765420321435569,0.8766880493842555,1.0055987443486236,1.1720727154586275,-3.556552891028686,-0.9473814500496114,-0.947387368905872,-0.9474608822522379,-1.5409748809133483,0.030900061379509236,-0.062278066172345985,-0.031147917408987716,-0.005021902887311869,0.011323951316577277,0.6474346872326224,0.44855526146708313,0.3738110306082861,0.34463405043448647,0.4356228173801592
2gX2Ch9EsG5MmJ9yjAvN,17180,2011-10-19,2023-04-03,13409.9321,14.01870000000001,25.4508,21.395599999999995,106.33689999999999,53.57543957735509,385.6455782458489,148.17758080153607,48.444299819713436,107.03714144710408,19.79916294780906,2.8068718924278424,12.367375456536433,15.55774524953819,15.557268542243552,2.705944676478541,137.39336636139797,11.98132791571561,3.1138380943184187,6.8802014413044255,2.125197040056191,8.371709459897653,3.7400336587847356,1.5816225620702875,2.900868394301447,11.562946624499304,3.158716187399624,3.8012192844149917,4.699411249414309,4.730493377514611,-10.55229439871579,-2.3839763361758526,-3.309757437916705,-5.46360593350621,-5.4636452897079195,0.17937251560658132,0.6682289626409965,0.3799503729996412,0.17313057282942423,0.30409962874469987,1.3398524260767375,1.267101537004622,1.6126927550110643,1.7376855301655274,1.664133387835314
